,0,1
0,"Di saat yang sama tiba-tiba meledak pula kasus

1. Penghinaan SARA yang dilakukan dua komikus bodoh 
2. Persekusi yang terjadi di Bandara  
3. Pembakaran Bendera oleh Oknum
4. Menjamurnya para penista agama
5. Debat kusir anggota DPR dengan Tim Ses yang akan terus dimunculkan",0
1,"Disaat yang lain memutuskan berhenti kerjasama dengan @pardedereza @TretanMuslim karena statusnya kini yang dikucilkan masyarakat , @BBM_IDN justru pakai jasa mereka untuk iklan produknya . Apakah BBM merasa kurang jika hanya ditinggalkan masyarakat , sehingga ingin naik level ke tingkat dibenci & dikucilkan ?",0
2,aku butuh @TretanMuslim dan @pardedereza. lainnya sampah !,1
3,"Respect setinggi-tingginya buat @TretanMuslim dan @pardedereza . Segera bangkit bro, kita tunggu karya selanjutnya.",1
4,"Kalo kata Gus Dur gini yah Mas, ditunggu Comeback nya... Aku cinta Muslim dan Coki",1
5,"Siap menghadapi caci-maki, ancaman pembunuhan, dsb kah kak ? Kalau siap monggo dilanjut hehehe gw dukung penuh ",0
6,"Semoga pesan pesan sesungguhnya yaitu menyampaikan semangat toleransi dapat tersampaikan secara massive. Thank you for all the jokes, it saved my days for many times. Good luck dengan apappun yg diusahakan kedepannya.  @TretanMuslim @pardedereza",1
7,dia mana bisa jawab mas. wkwkwkwkwk dia itu cuma ikut ikutan marah biar nggak di cap munafik sama temen temen nya. wkwkwkwkk Coki penista agama,0
8,"Nih adab bcanda dlm islam. Dibaca smpe abis.. https://almanhaj.or.id/3108-bercanda-menurut-pandangan-islam.html …
Rasul pun jg bcanda tp g pke ngrugiin aplg mnyinggung& nyakitin hati org.
Yg ky gtu tuh bru disebut candaan yg cerdas& brkelas krn bersih tnpa hrs ada /mmakai ""korban"" utk mmicu tawa

*sbgian poin yg gw scpic.twitter.com/aUYoXsWDwA",0
9,Sekelas gubernur aja menghina agama di bui  .. Coy .. Apalagi sekelas kamu .. Pasti di rendam tuh di penjara sampai beku .. Azab mulai datang .. Job berkurang dan karier berakhir .. Pepatah itu nyata .. 'mulut mu harimau mu ',0
10,"Mantap membela agama (y)
Sekalian nasehatin muslim ma coki bang klo bercanda cari tema lain jgn ajaran agama buat bercanda.",0
11,sebenarnya ternyata rindu dengerin bacotannya @TretanMuslim sama @pardedereza :( @OZRadioJakarta,1
12,"Padahal kalian berdua termasuk @tretanmuslim dan @pardedereza komika cerdas, tetap semangat dan berkarya",1
13,"daging babi didengerin ke kuping dan bilang neraka neraka, melecehkan syariat",0
14,"selera humornya sebatas pesbuker mungkin om, biarin sajaa ",0
15,"Sepertinya aku harus buat kopi lagi dan ke warung sebelah beli rokok , MLI colab cania",0
16,"We love u bang abanggggg @TretanMuslim @pardedereza 

Terimakasih telah menyatukan. Mereka yg mengaku paling islam, mereka juga yg ternyata paling bisa membuat perpecahan. Tak apa. Niat kalian, kami tahu. Mereka aja yg lgi gampang tersulut. Sukses kalian",1
17,MLI tanpa @TretanMuslim @pardedereza gak tau dah apa jadinya  #hiyahiyahiya,0
18,"Tetap support @Majelislucu walau tanpa @TretanMuslim
@pardedereza & aku siap menunggu comebacknya Muslim & Coki dengan hal-hal/konten baru lainnya .",1
19,"Sesuk nek @TretanMuslim gawe video masak kok nggowo2 tumpeng gek opo meneh dicampur2 nganggo papeda, fix doi bakal entek disikat wong jawa dan wong papua. Opo meneh nek doi ngasi gojekan bab sego putih sing sangat sakral dalam kultur Indonesia, musuhe wong sak Indonesia.",0
20,MLI debat kusir kalau bukan Coki ama Muslim mah tidak seru,1
21,"Buat Coki sama Muslim, stay strong
lu berdua masih bisa berkarya, karena gua tau lu berdua ini kreatif asli. Sebagai peniluat comedy, aku menyayangkan keputusan yang kalian ambil. Memang sepertinya rejeki kalian bukan di dunia hiburan, kalau masih ada ormas beratasnamakan agama",1
22,Conge loe kuping ....sambil pegang daging babi ngomong neraka neraka itu yg dimaksud kan semuanya tahu agama Islam haram.makan daging babi terus dibuat joke yaa joke sampah pekok !!,0
23,Ada notif dari @majelislucu .. Tapi kecewa . Aku rindu Muslim dan Coki ,1
24,"muslim, coki dan para komika penista agama yakin tuh khilaf doang? khilafnya niat amat bapak-bapak. Bisa ngga bercandaannya yg pake logika dikit, sewajarnya aja. 
""Bercanda boleh asal jgn keterlaluan"" kayanya kalimat ini orang udah pasti hatam banget kan.",0
25,kelar mata lo. agama dipermainkan cuma minta maaf. babi dikasih air zamzam. kalo lu gak paham gak usah komentar,0
26,"Pagi-pagi Ibu gua udah negabahas soal lu berdua. Kata emak gua itu sebagai penistaan agama. Gua langsung aja berani menyaut ""Jadi, babi dikatai neraka itu menista agama Islam?"". Ibu gua menjawab dengan nada kasar ""Jelas, karena nada mereka itu terlihat mempermainkan Islam.""",0
27,Ancaman dan persekusi itu bibit terrorisme. Bibit² teror itu dipelihara negara untuk jadi alat politik,0
28,"aku ini pernah mondok 3 tahun, dan kuliah 5 tahun di fakultas syariah. Sedikit pun aku tidak menemukan Syariat Islam yang Muslim dan Coki tertawakan, justru menurut aku @TretanMuslim ber dakwah menggunakan sarana yang berbeda dari para pendakwah pada umumnya",1
29,lu pikir aja ya. orang yang hina dan mempermainkan aqidah orang pantasnya diapain. ayo gunakan potensi otak mu,0
30,"Ust. Hanan Attaki kembali diserang sama komen komen umat lucu yang ngebela Tretan Muslim dan Coki .

Huft , bingung aku .
Sebegitu ngebelanya sampe nyerang-nyerang macem gitu .",0
31,"Sebenarnya saya suka stand up nya tretan muslim, tapi ketika agama di jadikan bahan bercanda, saya nga setuju. Berarti menurut mereka agama bisa buat bercanda, sangat tdk bijaksana. 
Instropeksi lah. Cari rejeki nda selalu dengan cara yg ngawur.",0
32,"Jika proses hukum atas dugaan penistaan agama yg dilakukan @pardedereza dan @TretanMuslim terhenti krn permintaan maaf maka bangsa ini akan hancur karena hukum tidak tegak menjadi panglima, keadilan hanya slogan, dan kerusakan menjadi bahan guyonan.",0
33,"MLI sekarang ikut banci banci club ya ?
LEMAHH !!!",0
34,Luar biasa . Eropa yg nota benenya mayoritas non muslim pun tdk mendukung penghinaan agama.,0
35,Aku juga tersinggung kenapa tretan Muslim bilang daging babi haram,0
36,"Tolong aku butuh asupan kelucuan dari @TretanMuslim dan @pardedereza 
Sekian
Terima saran",1
37,"@TretanMuslim mudah2an Allah benar-benar menutup surga-Nya untuk manusia laknat dan munafik kayak kamu , lulusan D3 KEPERAWATAN hiya hiya hiya . pantes dobol cuma D3 .",0
38,"Mungkin lebih tepat disebut mengolok-olok

Kalau dianggap ajakan masuk Islam jelas gk mungkin, karena Coki sendiri non-muslim

aku suka konten mereka dari jaman roasting kok, tapi utk kali ini rasanya sdh mulai menyentuh batas

Padahal aku yakin mereka bisa lebih kreatif",0
39,"Rigen-Rispo di Debat Kusir lucu bgt, minggir dulu tuy hiyahiyahiya sama Bukan golongan kami, biar Maroon five, maroon six, maroon seven masuk, bg*st!",0
40,merefresh home youtube secara rutin berharap debat kusir buat klarifikasi kalo video kemaren cuma prank,1
41,"Penista agama & Ulama selalu dibela
Ahok
Viktor 
Suluawati 
Meiliana 
Ade Armando
Denny Siregar
Ernest
Uus
Joshua 
Ge Pamungkas 
Tretan Muslim
Coki Pardede
Yaqut

Giliran korbannya non-muslim = radikal, Intoleran serta dikaitkan dg Islam. REZIM SONTOLOYO!",0
42,Kangen bgt sumpah sama panutanqoe @TretanMuslim & @pardedereza . thankyou ketawa detik ini juga udah datengin mereka hahahaa @smartfrenworld #GoUnlimited #unlimitedketawa,1
43,"Terima kasih atas semangat toleransi yang kalian dengung-dengungkan. #GolonganKami akan tetap ada. #StayStrong 
Selamat buat para ""ikhwan dadakan"" yg ""mabok agama"" MISI KALIAN BERHASIL!!! Tapi aku tidak yakin kalian akan hidup tenang. Gusti Allah Adil",1
44,"Kutunggu di Twitter dan YouTube @Majelislucu mas @TretanMuslim dan @pardedereza

Kembalikan Debat Kusir !!
Masyarakat butuh Hiburan !!",1
45,Keputusan tersulit namun keputusan tepat. Respect buat kalian berdua @pardedereza @TretanMuslim,1
46,"terimakasih bro!
@TretanMuslim @pardedereza
#GolonganKami #hiyahiyahiya #humanityabovereligionpic.twitter.com/C9KsSXmemx",1
47,Alangkah lucunya msih bnyak org (bahkan seorang muslim) respect sma org yg jelas2 bercanda berlebihan soal agamanya. Jangan hanya karna miskin  materi dan kreatifitas trus agama dijdikan bahan leluconmu. Lucu gak bodoh iya. pic.twitter.com/mciDJAlCnC,0
48,"Bang @TretanMuslim , kalo mau memperdalam ilmu agama, datangnya ke ustad yg ngajarin ilmu agama, bukan yg ngomentarin video viral.
#GolonganKami",0
49,Semangat terus bang! Sukses selalu dan terus berkarya,1
50,"Gue nungguin kata2 ""TAPI BOONG,"" dari kalian sampe akhir video, diiringi tawa Coki yg heboh. Tapi gak pernah muncul.
Agak menyayangkan karena konten Debat Kusir kalian emang yg selalu ditunggu.
Tp, you guys, being better and better.
Selamat dan semangat dalam mendalami ilmu! :) ",1
51,Ayodong comeback @TretanMuslim @pardedereza,1
52,Hilang sudah salah satu sumber hiburan. respect buat @TretanMuslim @pardedereza,1
53,"#Respect
Selalu Respect Buat Orang Kek Gini
Respect Buat MLI
Dan Buat Episode Debat Kusir
#debatkusir #majelislucuindonesia #majelislucu #mlindonesia ",1
54,"RIP Komedi Indonesia,
Good luck panutan @TretanMuslim @pardedereza. Semoga kebodohan bangsa Indonesia segera punah.",1
55,"yg bahagia dgn video ini:

Atta Halilintar",0
56,"pas bang , aku juga kesel jadinya . aku fans banget ama tristan muslim & coki pardede . menurut aku tidak ada penistaan sama skali soal bahan makanan mah .",1
57,Alhamdulillah mudah mudahan coki masuk Islam,0
58,"Sedih banget nonton ini :"") masih menunggu @pardedereza @TretanMuslim kembali",1
59,"Kalau bhs Tretan Muslim sma Coki Pardede, 100% mrka memang bersalah. Bkn krn guyonannya, tp krn berbuat sesuatu di luar tingkatan maqom mrk.

Maqom mrka blm selevel sma Cak Nun, tpi udh bikin guyonan nyrempet2 agama. Terdjungkal deh.",0
60,yang kaya gini sepi banget kaga di demo dan ga ada ancaman pembunuhan. Itu tretan muslim sama coki pardede apakabaaaar,0
61,BAJINGAN LAKNAT 2 MANUSIA INI.I.DEMI ALLAH. AKN KAMI TEMUKAN DAN KAMI BUNUH KEDUANYA,0
62,"toleran pala lu benjol.
woi lu muslim, jangan lu lecehkan agama lu. kalo lu mau rusak, jangan ajak ajak orang. kalo lu mau jadi sampah, jangan kotorkan agama islam",0
63,Nah sepakat om. Tetap semangat bang @TretanMuslim dan bang @pardedereza. Ditunggu epic comebacknya. Gbu,1
64,Ada reaksi karena ada aksi !! Kalau gaa mau ada reaksi beraksilah sewajarnya gaa usah bawa bawa agama dlm dunia lawakan !!,0
65,Kembalikan @pardedereza & @TretanMuslim !! . @Majelislucu tanpa Coki Muslim hanyalah sekumpulan pemuda biasa yang suka standup,1
66,"Bkin chanel sendiri aja lepas dr MLI. Pasti laku kok. Tp hrs hati2 bkin konten jgn nyinggung2 agama lg.. Sy pikir ini bkn akhir dr coki muslim,tp mlh awal dr perjalanan karir mereka.. Ttp smgt dan jadikan semua pembelajaran yg baik!",1
67,"Dear @TretanMuslim and @pardedereza thank you. Thank you very much. Maafkan umat tidak  lucu yang terlalu beringas sehingga menghalalkan segala cara demi memuaskan hasrat kebencian mereka. Now it's our turn to keep the tollerance's alive
 #GolonganKami",1
68,Yang melarang siapa? Ada twit Eike yang bilang melarang? Hiyahiyahiya .,0
69,"Gagasan yang baik itu yang mendidik, mendidik dalam artian menggerakkan orang untuk mengerti bukan untuk membenci.

Tretan Muslim dan kebanyakan pelawak saat ini lebih ke menggiring opini dan membenci. aku rasa itu bukan gagasan.

Pertanyaan: apa yang anda maksud dengan gagasan?",0
70,"Tretan Muslim ame Coki Pardede adalah orang-orang revolusioner. Ketika kuasa sorgawi sudah jatuh ke tangan penduduk Indonesia, mereka berani unggah konten dark jokes macem itu.

Bravo brothers! Semoga kelian sakses di langkah kalian selanjutnya.",1
71,"Kembalikan muslim dan coki, hidup aku hampa sekali tidak ada mereka di majelis lucu. Acara tv sudah tidak ada yang aku senangi. Memutar berkali2 di youtube yang ada  @TretanMuslim dan @pardedereza .",1
72,Rindu @pardedereza dan @TretanMuslim sampai kebawa mimpi . Di mimpi mereka ke mana-mana selalu pakai masker dah kaya pengidap TBC .,1
73,Indonesia bakal sepi tanpa Debat Kusir dari @TretanMuslim dan @PardedeCoki di channel youtube @Majelislucu,1
74,YA ALLAH AKU TUH KANGEN DEBAT KUSIR COKI MUSLIM TAT,1
75,"sekeras apapun hidup harus tetep fight, tetep semangat @TretanMuslim @pardedereza #GolonganKami",1
76,"aku sebenarnya fans sama @TretanMuslim aku suka materi2nya yang dulu tentang suramadu hilang bautnya satu persatu, dan rongsokan sisa perang transfomers yang dipungut orang madura. Sekarang kemana materi2 seperti itu cong??",0
77,"Setelah ""surga"" mereka klaim, sekarang komedi mereka klaim pula.
Yasudah aku tak dineraka aja bsok.
.
.
.
.
.
Memang surga dan neraka itu ada???
Hiya Hiya Hiya
Keep strong lur !!!",0
78,"Mau pensiun mau pergi mau tenggelem, intinya agama bukan buat lucu2an",0
79,"Hah...
terlepas dari “cara” mereka yang disebut “kelewat batas” oleh sebagian masyarakat kita saat ini, gue menghargai mereka sebagai stand up comedian, apalagi setelah nonton ini. Kalian keren banget, sih @pardedereza @TretanMuslim !
Bakal kangen banget sama #hiyahiyahiya .",1
80,"nonton berulang ulang debat kusir coki dan tretan , anjay rindu sama ketawanya ..",1
81,"Semangat buat dua-duanya.. ditunggu comeback-nya..
Yang paling bikin sedih itu, kenapa aku masuk di ""jaman tertawa itu dilarang""..",1
82,Kembalikan coki muslim,1
83,"Maaf Mungkin bisa diberikan,

Tapi Proses HUKUM akan tetap Berlanjut,

Tiada Tempat Bagi Penista Agama di NKRI,

""2 Komika Tretan Muslim dan Choky Pardede Minta Maaf Atas Video Memasak Daging Babi dengan Kurma""
",0
84,@TretanMuslim sama @pardedereza juga engga nyangka kalo video masak mereka dipersoalkan,1
85,"hobi paling berbahaya menghina syariat agama orang lain. kalo lu mau rusak, jangan perlihatkan ke publik. itu namanya bodoh",0
86,ngaku islam kok megang daging babi @TretanMuslim punya otak gak lu,0
87,"Tetiba kangen debatkusir , ayolah bang @TretanMuslim upload baru lagi :( butuh asupan hiyahiyahiya",1
88,Umat lucu sudah menunggumu bro @TretanMuslim @pardedereza hiya hiya! #GolonganKami #GoUnlimited #UnlimitedKetawa @smartfrenworld,1
89,"tidak ada lagi asupan komedi dengan materi toleransi. kalian tidak kalah, kalian menang dengan bijaksana cak cokslim!
semoga sukses dan sehat selalu!",1
90,Sinetron tidak mendidik yang isinya hanya tangis2an marah2an cinta2an gajelas Dan reality show penuh settingan,0
91,"Aku ra arep nyalahne neng kene mung pengen ngebahas, sukur sukur entuk solusine. Mung garis bawahi wae nek syariat Islam sue sue nek nggo gegojekan wedine dadi ora ono wah e, dadi mung disepelekan.",0
92,"Ahh, gw kangen jokes kalian @pardedereza @TretanMuslim 
Mending gw mati ketawa drpd mati dg kepedihan,wisssh...",1
93,Rindu sangat @TretanMuslim and @pardedereza ... 2 manusia ini padahal hanya ingin menghibur masyarakat yang telah di butakan oleh kisruh politik n Agama .. seperti aku yang tidak mau berurusan dengan keduanya .. biar hanya di simpan di dalam hati sendiri saja ..,1
94,"Ahok aja tidak ada niat menghina , Tretan Muslim bahkan cuma becanda soal babi dan kurma . Keduanya diancam dihakimi massa .",1
95,Masih . Tapi agak beda aja . Kami rindu Coki @TretanMuslim yang biasa .,1
96,"Kalau imam besar itu kan ceramah, mas. Coki & Muslim ini komedi. Komedi itu ada batasnya, ceramah ya bebas-bebas aja.
Gitu mungkin menurut mereka.",0
97,Mereka berselang pergi bersama Habibana Rizik Sihab,0
98,"Masih sedih euy , tidak ada debat kusir lagi
#savemuslimcoki",1
99,sedih liat @TretanMuslim & @pardedereza pamit dari dunia hiburan Indonesia...,1
100," ngelawak /stand up nyinggung SARA. Coba dengerin lawakannya h. Bokir, nirin mpok nori atau dengerin ""jantuk"" dah. udeh gitu Pake teriak paling toleran..Ngaca dul. Ngebanyol juga ada etikanya. ",0
101,"Kalian pada pernah dnger atau nonton ceramah Kh, Zainudin mz gak? Di jamin nyeritain rasul dan sahabat, sampe ke firaun segala tapi bikin ngakak... Dan apa itu salah? Dasar bocah bocah.. aku saranin nonton/dengerin ceramah beliau",0
102,"Gue ga ngerti netijen yg bilang coki muslim itu penistaan agama. Gue liat video2nya emg gada yg menistakan, entahlah. Intinya ku kgn debat kusir coki muslim:(",1
103,coba cari lawakan mereka jaman di radio / kaset. aku cuma bisa bilang itu saja kalau tujuannya mau membandingkan.,0
104,"Aku tetep umatmu dan termasuk golongan mu @Majelislucu @TretanMuslim @pardedereza 
Tak enteni sak isomu tampil
Ojok maneh desember
Tahun ngarep yo gak masalah",1
105,"Beruntung juga kemarin-kemarin gak nonton video @Majelislucu sekaligus , jadi kalo sekarang kangen @TretanMuslim @pardedereza masih ada stock . :"")",1
106,Alkhamdulilllah ... semoga ALLAH SWT memberikan kita smua hidayah .. lebih baik berhenti dan belajarlah agama dengan benar.. jalur mu sudah salah sekarang waktunya memperbaiki,0
107,Tangkap masukkan kedalam penjara gk bisa manusia seperti itu dikasi ampun,0
108,"Tetap semangat bro @pardedereza & @TretanMuslim, jgn menghilang dr dunia medsos hanya karna persekusi kaum sumbu pendek.
Dari gw yg termasuk #GolonganKami",1
109,Aku yakin bangsa kita adalah bangsa yang hebat. Minat baca dan selera humornya saja mungkin yang  tidak. Respect buat lu bang @TretanMuslim #GolonganKami,1
110,agak kesel gmna gt ya sm org org yg komentarin cokipardede&tretan muslim. serasa sholat mereka 5 waktu jalanin puasa senin kamis sama tahajud tiap malem:),1
111,Sdh dipecat dari radio ya bro.. undangan manggung jg pasti kurang. Salah kalian agama buat mainan,0
112,"Baiknya ikuti saran pak Wiranto.
Yg bersalah dihukum dgn proses peradilan yg terbuka.
Demo itu bukan proses hukum.
Bila disebut penghinaan agama, lha sama2 muslim kok.
Ada petunjuk dlm Al-Qur'an utk damaikan dua yg berseteru.
Mau ingkari ayat Alqur'an?",0
113,"Semoga rejeki tetep jalan bro @TretanMuslim @pardedereza dark komedi dan toleransi selalu hidup di keseharian kita semua.

Sukses buat kalian berdua

#hiyahiyahiya",1
114,"Orang tidak pernah ngaji begini nih jadinya udah tahu dia bilang "" mari kita dengarkan ( sambil kupingnya kearah daging babi ) neraka , neraka "" itu kan udah hukum syariat emang babi itu haram buat umat muslim ko malah jadi bahan becandaan

Kita tidak perlu ngomongin masaknya tapi perkataan dia",0
115,"@pardedereza bro, tetap semangat ya . Aku subscriber baru nih , lagi akung2nya eh ditinggal . Ku doakan yang terbaik untuk masalah ini . Ditunggu karya-karya lainnya .",1
116,Hiya hiya hiya jadi hiyes hiyes hiyess dong..,0
117,"Baguslah, klo aku mlh melihat sisi rendah hati seseorang, krn meminta maaf ato memaafkan nggak cuman mng ato klh, sll slh ato bnr, lbh bags menyadari drpd bego2in org, SUCI bukan tolak ukur, krn dia nggak skdr pgn lucu doang",0
118,"Terimakasih @StandUpKompasTV
Bisa mengobati kerinduan akan nada nada dari @pardedereza anda ternyata nguploadnya nunggu waktu yang pas hhh",1
119,"kalo lu udah biasa ngapain bikin video pamit . 
0 dan munafik paket komplit kalian",0
120,"Dari sini semoga semua pihak bisa belajar kalo kita harus berhati2 di sosmed, tdk semua pihak bs menerima apa yg kita lakukan dan kita tidak bisa memaksa org lain utk menerima semua hal. Sgla yg kt lakukan bisa bdampk bruk utk org sekitar kita, walau tdk ada niat buruk sekalipun.",0
121,"sangkin terhipnotisnya sama @TretanMuslim @pardedereza, gua replay itu debat kusir 5x tetep bikin ketawa. ga nyangka banget secepet ini deh. dua bulan bahagia nemuin debat kusir di youtube mesti berakhir sakit hati. sesakit ini hati gue mereka pamit.",1
122,"yah coki muslim keluar dari @Majelislucu 
akung ey .. tapi kalo menurut pribadi, emang ada ey penistaan. soalny mereka gunakan ""diksi"" agama dalam konteks yang sangat tidak tepat ~ https://twitter.com/Majelislucu/status/1057311614725054465 …",0
123,"Kalo @pardedereza dan @TretanMuslim ini masih sombong , perlu diberi pelajaran nampaknya ... kita lihat karirmu makin melejit atau tenggelam ...",0
124,"Letak masalahnya bukan makan atau menyentuh bos , si muslim itu kalau bener dia muslim dan punya iman dimana ghiroh dia ? lah syari'at agamanya sendiri kok malah dijadikan bahan lawak murahan ! 
Pikir bos !",0
125,Woiyo aku sing salah. Brarti tumpeng papeda kui rapopo asalkan ora gojekan tentang filosofine. Opo yo ono nek tumpeng yang penuh dengan filosofi jawa dicampur papeda kadar filosofise iso menurun ? Kui penistaan terhadap syariat/ketentuan budaya jawa. Hati-hati anda @TretanMuslim,0
126,"Monggo bro.. Pamit ga pamit itu terserah, pilihan njenengan. Saran aja,  kalo masih bisa berkarya,  buatlah karya yg memang bagus dan ""positif"", setidaknya menghargai setiap agama di Indonesia. Nuhun",0
127,"Kirain suasana di rumah aja yg tegang, ternyata satu negara mmang sdh terbiasa dng suasana hidup yg tegang , terbatas dan bisa sampai mati penasaran.

Hidup tegangku lubl akan dimulai lg stlh kalian gk ada disini bngsd , di radio pun jg sdh gak ada. 

Dasar bngsdd kelian. Bngsdd.",0
128,"Mbak kayak yg gatau warga FB aja... penculikan anak aja suruh di bunuh, apalagi ini menghina Nabi 

Sekarang Evi sepi job",0
129,"Persekusi, menghalalkan darah ini tidak diajarkan dalam agama manapun. Semoga cepat kembali bro",1
130,"Sepengetahuan aku. Mereka tk pernah menjadikan agama sebagai lawakan.. Bkn spt sebagian pelawak Masa Kini. Mengangkat materi2 yg kontroversi. Supaya terkenal
Sy sebagai warga madura yg sering menonton stand up comedy Muslim sejak Dia Baru naik. Agak kecewa dgn muslim",0
131,"tapi tau ga? jika lu bukan pendakwah, bukan ahli agama,bukan kaum ulama, jangan berdakwah. Dilarang. bahkan jika lu anggap benar atau ternyata hadist/ayat yg lu tafsirkan sendiri itu benar, tetap dilarang jika lu bukan ahli agama/dari kaum ulama.",0
132,RIP atas kualitas komedimu...jika berkualitas mengapa ngaso jadi stengah presenter...apakah karna presenter sudah terlalu mainstream. Hehehe,0
133,"Tanpa coki dan muslim , debat kusir berbeda",1
134,"Gua bukan golongan kalian, gua salah satu masyarakatnya. Lo ngmg yg gk suka jokes mereka itu sumbu pendek, otak dangkal ? 
Jadi yang suka jokes mereka itu orang"" yang cerdas, penyabar, gitu ya ?
Gua suka jokes Warkop, Raditya, Panji, Sule, Jojon.
#golonganSokPlural #modar",0
135,respect!!!,1
136,apakah @pardedereza bangga ngelawak bodoh dengan memperolok agama ?,0
137,"Lohhh...tau bedanya ga?itu kasus penistaan agama...ini urusane sama Allah,ini Pak Prabowo dalam konteks bercanda...dan yg hadir disitu ga da yg tersinggung,kalo anda muslim...coba deh dibaca lg bedane kalo bukan muslim coba cri tau jga,btw anda orang Boyolali bukan?",0
138,"Kami butuh coki muslim , kami butuh dark comedy",1
139,"kurangi tertawa, karena tertawa itu sudah dilarang. #RIPKomediIndonesia 
Makasih bang @TretanMuslim dan @pardedereza berkat kalian gak cuma soal agama yg bikin pikiran gw lebih terbuka, but common sense dan kepedulian terhadap hal2 lain jd kritis. Salute, de familia ",1
140,"At last but not least. tetap semangat Coki dan Muslim @TretanMuslim
@pardedereza
#RIPKomediIndonesia #RIPComedyIndonesia",1
141,Huhuhu bakalan rindu @TretanMuslim @pardedereza #GolonganKami,1
142,"Mau pak, 

Jangan bernuansa seksual .
Jangan ada Ernest dan Uus dan Coki Pardede .",0
143,"Sorry bang, gua golongan yang cuma sebatas ""gak suka"" tanpa tindak lanjut yg extreme. Gua cuma mau kasih paham, yang gak suka bukan berarti lebih rendah derajat humornya, bisa jadi sebaliknya. Boleh kita pintar, tapi jangan menganghap kitalah yang paling pintar.",0
144,"Gua nyaut lagi ""Bu, tau basic mereka berdua? Tau apa yanh dimaksud Dark Comedy? Tau bahwa ciri khas mereka itu nada-nada terutama Coki?"" Ibu gua cuma bisa jawab ""Buat apa harus tau? Yang penting itu menista agama.""",0
145,"Menurut aku nih ya , di video itu @TretanMuslim dan @pardedereza mau nyampein pesan “ segala sesuatu yang haram , mau dibalur pake hal-hal religius atau apapun yang baik , tetap saja dia menjadi haram ”.",1
146,"Kami rindu debat kusir . @TretanMuslim @pardedereza
@Majelislucu #bukangolongankami #hiyahiyahiya",1
147,"Pro kontra pasti ada. Tapi Kok akhir-akhir ini kaya berlebihan banget. Pake kaos bad religion aja sekarang jadi masalah kayaknya, padahal itu band udah ada dari kapan. Gak paham.pic.twitter.com/2hPeYa53qy",0
148,"@Majelislucu tolong kasih penjelasan , ini maksudnya apa ya ? Sepeninggal Almarhum @TretanMuslim  dan @pardedereza , MLI seperti kehilangan arah",1
149,"Hai bagaimana kabar para kaum kayu mati ? Msh kah kalian tidur dengan ijazah ? aku sangat rindu duo kapitalis ini siaran dan rindu jg dengar ketawa jahat mereka :( cepatlah kembali siaran lg , kami perlu cambukan2 motivasi sampah dri kalian  @pardedereza @TretanMuslim",1
150,"Kalau kasusnya kriminal laporkan ke @BareskrimPolri ,klo mslah boikot,itu ada sbabnya,klo gak ingin basah,jgn main air,smua tdk serta merta,jgn playing victim bos..
Jadikan pelajaran stiap maslah hidup,ambil hiluahnya.
@TretanMuslim
@pardedereza",0
151,"Badut2 itu yg nglawak masuk domain agama, dah tau domain sensitif, jgn kan agama, gara2 urusan parkir dua ribu perak aja bisa tauran antar kampung.. 
Lagian lawakan cuma bau2 Islam, Coba dong bikin juga agama laen?",0
152,aku cinta cokimuslim dan akan tetap nunggu kalian di panggung yang akan datang  hiyahiyahiya,1
153,"aku gasuka tretan muslim dan coki..
Gaoleh a bro? Sebut aku kurang toleransi",0
154,"Anjeerrr @tretanmuslim sekali muncul , langsung promo berbayar hahahaha . Kok masih ada yang mau pakai jasa kamu hey ",0
155,Apaan sih lu garing. agama kok di bencadain,0
156,Kami sebagai umat lucu akan tetap menunggu panggung kalian berdua! #GolonganKami,1
157,"cukup sedih atas mundur nya kalian. btw, terima kasih. lewat debat kusir, secara ga langsung pikiran aku terbuka dan sebagian argumen kalian mewakili pendapat aku yg tak berani tertuang selama ini. respect ",1
158,"Dan komedian pun ada batasnya dmn kita tdk boleh menyingung agama dan ras , apa lagi itu menjadi matapencaharian demi lucu dan flower.. mereka sangat tdk kreatif ..",0
159,"Coba Tretan Muslim sama Coki Pardede yang bilang , sudah masuk penjara kali . Kembalikan humorku! Please comeback 2 komika favoritku :""""""""",1
160,"saya hormati silahkan, ngelucu, bercanda,  nabi jg suka becanda ko, tp kan ada adabnya mas,  Tetap berakhlaq islami (Khusus Muslim
• Tidak berbohong ketika bercanda
• Menjauhi becanda dengan memperolok agama/orang lain
• Tidak bercanda dengan membicarakan aib orang lain",0
161,"Allahuakbar, kagak ada takut2nya ini manusia sama Yang punya tuh badan dan mulut buat ngebacot.

Semoga Allah berikan hidayah, dan jika tidak semoga Allah jadikan ia contoh dan ujian untuk yg muslim yg masih beriman",0
162,#KembalikanCokidanMuslim,1
163,Dukung @TretanMuslim @pardedereza biar Indonesia jadi keren pemikiran nya,1
164,"selamat @TretanMuslim kau pintar.
tapi 0",0
165,"mau lo makan babi atau pun babi yang makan lo, jangan sekali lagi lo lecehkan syariat agama islam. lu mau makan daging babi sampe gila pun, jangan lagi lecehkan syariat kami. lawakan lu sampah",0
166,"kenape lu yang ribet ?
lu siapa nya mereka ?
agama lu apa, kalo lu non muslim ya, gak ada masalah dong. tapi kalo lu islam tapi lu gak marah, ada yang salah di pemahaman lu",0
167,"He is nothing but nuts and a loser,  sesudah dy puas bikin kisruh dunia persilatan,  ambil duitnya yutub,  dy mundur",0
168,"RESPECT @TretanMuslim dan @pardedereza
semoga gak lama lama belajar nya, jangan mundur dari dunia hiburan,, ditunggu kehadirannya lagi dalam dunia hiburan untuk tetap memperjuangkan toleransi. ",1
169,"agama gak ada yang bikin mabuk woi, kalo pikiran 0 banyak baca, jangan bikin video sampah hina agama orang",0
170,"Komedi boleh-boleh aja, tapi jangan menimbulkan SARA ... Kenapa yang jadi sasaran SARA hanya Muslim ? Koq gak berani ke Agama lain (Hindu, Nasrani, Budha.  ...)",0
171,Krisiz humor indonesia. Ditunggu great comeback nya @TretanMuslim @pardedereza #GOLONGANKAMI,1
172,"lagi butuh nonton debat kusir @Majelislucu , eh lupa udah episode terakhir, sedih aku tu :(",1
173,Sampah B.C.T @Majelislucu,0
174,Gw kangen tretan muslim sm coki sitohang,1
175,Emng ga lucu menurut gua mah,0
176,"Rabu kelabu.
Duo komika @TretanMuslim dan @pardedereza telah pamit undur diri. Nampaknya kampanye ""humanity above religion""nya gagal nih. Respect.
#GolonganKami",1
177,"Iyalah . Terlalu grusa grusu dalam bertindak . Tau sendiri masyarakat baru sensitif kalo bahas agama .
Auto kangen @TretanMuslim & @pardedereza",1
178,Sediih :( ku kira ini boongan,0
179,"aku kehilangan kamu @TretanMuslim cuma kamu yang bisa menghibur . tidak ada yang namanya mempermainkan agama . Justru banyak hadist-hadist yang tidak aku tau , kamu share .. come back with us . #GolonganKami",1
180,"Karna tidak semua orang se enjoy kalian bisa menerima agama dijadikan lucu lucuan.. pikiran dan tingkat amarah manusia berbeda.. 

Dan akung'y mereka membuatnya ditengah konflik perpecahan dinegri ini.. 

Hargai mrk yg marah,jgn intoleran!",0
181,"Tetap semangat @pardedereza & @TretanMuslim  respect kita untuk dua legenda baru dalam dunia komedi ini.
Terimakasih untuk hiburan & komedinya. kalian pernah membuat aku tertawa setelah sedih ini datang . .  aku siap menunggu kalian comeback suatu saat nanti(mungkin).",1
182,"Abis nonton Video Tretan Muslim-Coki Pardede.
Aku lebih kasian sama glagat mereka yg seakan menertawakan penduduk neraka bukan Islamnya. Khusus buat Tretan yg ngaku Islam, semoga sempet baca ayat2 Quran yg menggambarkan penduduk neraka. Klo sampe stu hatinya gk bergeming, em ysdh",0
183,Big Respect Buat @TretanMuslim & @pardedereza  aku Yakin Ke Depan kalian Akan Hadir dengan Hal yang Lebih Baik Lagi  Semangattt,1
184,"Coki muslim mundur dari MLI
Dan beberapa tahun k depan akan banyak komedian yang mundur juga  karena niat nya ngehibur tapi malah di persekusi.

Comeback stronger bro @TretanMuslim @pardedereza",1
185,"Apa yang membuat konten tretan muslim itu lebih berisi gagasan daripada konten lain?

Apa sih tolok ukur sesuatu konten itu bisa dijadikan gagasan?

Sa harap kita pahami dulu bae2 kak apa itu gagasan.

Atta jele kontennya memang. Tp tretan muslim kek hilang juga faedahnya.",0
186,@TretanMuslim  kapan comeback mbak?,1
187,"Aku pribadi sebagai muslim sih tidak tersinggung dengan cara penyampaian @TretanMuslim & @pardedereza , karena ya jaman now kenyataannya emang gitu , agama sering dijadikan bungkus untuk hal buruk yang dilakukan manusia . Lagipula , mereka tidak memlesetkan hukum agama . Jadi tidak ada yang salah .",1
188,"Lagipula, aku hanya ingin menanyakan satu hal yg sederhana, ""Di titik mana ada orang memasak daging babi dengan air kurma itu menyinggung aqidah ?"" ini yang aku belum bisa dapat jawabannya. Maka dari itu aku berharap anda bisa menjawab pertanyaan aku.",1
189,"aku ikut bersedih dengan apa yang terjadi dengan @pardedereza
@TretanMuslim 
Sehat terus bro bro sekalian",1
190,"Dimana tretan muslim dan coki pardede , kami butuh hiburan cuy !!!",1
191,Eh btw gua kangen debat kusir yg sesungguhnya dah. Hei klean jangan bersembunyi plzzzz @TretanMuslim @pardedereza,1
192,Golongan kami rindu @TretanMuslim @pardedereza ngomong SAMPAH!! :(,1
193,"@Majelislucu please jangan berhenti menghibur kami, pamitnya @TretanMuslim @pardedereza sudah memberi luka yang dalam untuk #golongankami adain roasting di pong me lagi dong @jojosuherman",1
194,"Ya intinya kamu tetap salah brow kalo mau ngelawak silahkan mau kamu makan yang haram juga silahkan tapi jangan bercanda yang berbau sara bro. Karena masuk nerakanya karena orang makan babi termasuk syariat

Jadi bisa buat pelajaran bagi kamu",0
195,Kenapa sih agama di buat candaan . Lihat aja deh pembalasan Allah . Allahuakbar,0
196,"Gini bung , dark comedy memang sah-sah saja . Gue juga suka coki sama tretan . Namun , gue tekankan di sini , di Indonesia khususnya umat muslim yang awam dengan dark comedy pasti sakit hati mendengar dan melihat suatu lelucon yang berhubungan dengan agamanya .",0
197,Gw kira komedian adalah orang - orang cerdas,0
198,"Kalian ngga sendiri,  meski cuma ada di medsos tapi liat dukungan untuk kalian terbukti masih ada org pintar dan berfikir @TretanMuslim @pardedereza #GolonganKami",1
199,"kalau komedian pun 'dibungkam' dengan persekusi oleh mereka yg paling paling benar (katanya), lalu siapa lagi yang akan menyuarakan keresahan kami #Umatlucu yg tidak punya panggung?
#respect @TretanMuslim @pardedereza @Majelislucu #GolonganKami",1
200,"Kembalikan @TretanMuslim dan @pardedereza ke Debat Kusir! 

selain kurang hiburan,  kami juga kurang perhatian dan kasih akung .

lagian isyunya udah ganti tuh jadi Aksi Bela HTI #KamiBersamaBanser",1
201,"Oh yes mam, literaly wicis dark comedy is like a food. I don't like pizza but i like cucur. Dan itu Jaka sembung karena Eike bilang ga dapet lucunya, siapa yang mau musnahin? Emang Eike meteor.logicaaa oh logica hiyahiyahiya1jutax",0
202,aku kira @TretanMuslim dan @pardedereza ttp saja berkarya urusan persekusi yg melibatkan agama pun hanya sesaat aja. kuat2 mental aja lawan kaum sumbu pendek. ini masih panas2 nya politik yg bawa2 agama jd jgn trllu dipikirin. yg ptg uda minta maaf. kami rindu jokes2 berkelas,1
203,Respect untuk Coki Pardede & Tretan Muslim. Terimakasih atas dark jokes dan toleransinya yang sangat menghibur bagi aku.,1
204,"""Byk tokoh Sufi & cerdik pandai melontarkan satire yg membuat kt brpikir & menuai hiluah."" maaf, klau humor yg dilontarkan o/ mreka, hiluahnya apa ya? kita mmang tdk menuhankan simbol, mas. tp mghargai. merah putih it warna, tp klau sdh mnjdi bendera, kita dilarang menginjak2nya.",0
205,"@pardedereza mulut sama kelakuan kafir , tidak pernah tahu rasanya di jotos orang tuh mulutnya biar jontor .",0
206,Ngga ada masalah mas dg video kalian. Goblok kalo disangkut pautin sama agama. Hanya saja kalian memang ga pernah lucu. Selera humor beda2 sih,0
207,La diajak guyon sama @TretanMuslim & Coki Pardede malah dianggap penistaan. Hambok yo ben nak masyarakat mBoyolali nganggap guyonan Pak @prabowo sebagai penghinaan. Win win.,1
208,"Tetap semangaat bro n sis, msh byk yg nunggu tretan comeback.. istirahat aja dulu. ciao",1
209,"Semoga menjadi pelajaran untuk kita, tetap semangat muslim dan coki",1
210,"ujung2nya minta maaf atas kegaduhan. tapi @TretanMuslim keukeuh minta ditanya sebab kesalahan dia ttg kurma saus babi. krn menurutnya dia tetap ga menista agama.

hmmm https://twitter.com/pribadisetya1/status/1057455374964424707 …",0
211,"Kok gw sedih ya liat ini
Biasanya bsa sampai ketawa ngakak2

https://youtu.be/PK12js4Ib9M 
Semangat terus @TretanMuslim
@pardedereza msh byk jalan mengenalkan pentingnya toleransi

#RIPkomediIndonesia
#IndonesiaDaruratToleransi
#GolonganKami
#hiyahiyahiya",1
212,"Tidak sedikit hal yg membuat aku tidak sepaham dgn duo @pardedereza @TretanMuslim (bahkan aku meng-unfollow twitter mereka karena terlalu ""berisik"").

Lantas jawaban dri ketidaksepahaman itu adalah persekusi? Tentu tidak! Kemana slogan ""ambil yg baik buang yg buruk"" selama ini?",0
213,kayak coki pardede hahaha.  enak ya jadi kafir bebas makan babii,0
214,Barusan nonton video perpisahan @TretanMuslim dan @pardedereza dari @Majelislucu. Sedih karena ada persekusi terhadap mereka dari orang-orang yang tidak paham dengan selera komedinya. ,1
215,"Pak . Itu bukan humor , tapi penghinaan . Anda waras tidak sih ? Walaupun Tretan muslim , aku yakin dia tidak pernah menjalankan syariat agamanya . 
Kami yang muslimpun tidak ingin menghujat kaun non muslim",0
216,"Sebenarnya aku suka stand up nya tretan muslim, tapi ketika agama di jadikan bahan bercanda, aku nga setuju. Berarti menurut mereka agama bisa buat bercanda, sangat tdk bijaksana. 
Instropeksi lah. Cari rejeki nda selalu dengan cara yg ngawur.",0
217,Semoga sukses jangan lupa lucu! #GolonganKami,1
218,#KembalikanCokiMuslim,1
219,alangkah baiknya jangan bawa-bawa agama sebagai bahan olok-olokan,0
220,"Yah ini mah mau rewatch video debat kusir, fix serem, last hope kitchen sama roasting gak akan sama lagi rasanya ",0
221,Jadi siapakah kita yang berhak menghakimi dan menilai tingkat keimanan seseorang? Respect ex hakim comedy :) @TretanMuslim @pardedereza pic.twitter.com/auf1NIUqEW,1
222,"Ku rindu @pardedereza dan @TretanMuslim 
Mereka kemanaaaa :(",1
223,"bonyok, sumpah bonyok gua di tampar kata2 classic yang jadi kenyataan ""tertawalah sebelum tertawa itu dilarang""~warkop
oleh kejadian ini, GLHF respect @pardedereza @TretanMuslim",1
224,"kalau masak babi dengan sari kurma adalah menista , lalu bagaimana dengan berpolitik yang mengatasnamakan agama ?
@Majelislucu #GOLONGANKAMI",1
225,Udah tahu haram !! Ngapai barengi kata kata neraka neraka sambil tertawa tawa  ??!! Sampah tetap lah sampah,0
226,Kangen :'( @TretanMuslim,1
227,"Sekali lagi aku kecewa dengan perilaku rendahan orang-orang yg menjudge tanpaberi solusi hanya menebar ancaman dan kebencian tanpa menebar amalan dan keilmuan.
@TretanMuslim @pardedereza trm kasih telah menebar kebahagiaan. Pahala anda tdk putus telah membuat banyak org tertawa",1
228,"kalo materi nya masih sebatas ngenyek2 agama ( apapun ) mending nggak usah balik deh . Ada jutaan ide untuk bikin orang ketawa , kalo masih seputaran itu doang , gak lagi kreatif namanya .",0
229,aku cinta MLI. Tp tidak lagi krn tdk ada tretan muslim dan coki. Hiyahiyahiyaaaaa,1
